{"cameraMode":{"drawMode":0,"name":"Shaded","section":"Shading Mode"},"sceneLighting":true,"audioPlay":false,"sceneViewState":{"showFog":true,"showMaterialUpdate":false,"showSkybox":true,"showFlares":true,"showImageEffects":true,"showParticleSystems":true},"in2DMode":false,"pivot":{"x":322.2911682128906,"y":98.15438079833985,"z":-38.34233093261719},"rotation":{"x":0.35688528418540957,"y":0.29752209782600405,"z":-0.1210470199584961,"w":0.8771893978118897},"size":218.60194396972657,"orthographic":true}